{"cameraMode":{"drawMode":0,"name":"Shaded","section":"Shading Mode"},"sceneLighting":false,"audioPlay":false,"sceneViewState":{"showFog":false,"showMaterialUpdate":false,"showSkybox":false,"showFlares":false,"showImageEffects":false,"showParticleSystems":false},"in2DMode":false,"pivot":{"x":0.1924433410167694,"y":-0.16147148609161378,"z":-0.12126898765563965},"rotation":{"x":0.024381138384342195,"y":0.9083049893379211,"z":-0.41416218876838686,"w":0.053470805287361148},"size":5.775890350341797,"orthographic":false}