{"cameraMode":{"drawMode":0,"name":"Shaded","section":"Shading Mode"},"sceneLighting":false,"audioPlay":false,"sceneViewState":{"showFog":false,"showMaterialUpdate":false,"showSkybox":false,"showFlares":false,"showImageEffects":false,"showParticleSystems":false},"in2DMode":false,"pivot":{"x":-0.3714522123336792,"y":1.137460470199585,"z":1.200577974319458},"rotation":{"x":-0.10872971266508103,"y":-0.8839687705039978,"z":0.37614497542381289,"w":-0.25552332401275637},"size":3.7325360774993898,"orthographic":false}